{"POWER TILLER": 0.10106666666666667, "HARVESTER": 0.10052, "SEEDER": 0.10026666666666667, "SPRAYER": 0.09984666666666667, "CULTIVATOR": 0.09936666666666667, "ROTAVATOR": 0.09926666666666667, "TRACTOR": 0.09878666666666666, "SEEDER COMPACT": 0.09875333333333333, "THRESHER": 0.09868, "MINI TRACTOR": 0.09845333333333334, "UNKNOWN": 0.004993333333333333}