{
  "horsepower_mean": 74.58333333333333,
  "diesel_price_mean": 95.91666666666667,
  "rainfall_mean": 45.0
}